Sample,AHTh171coy,AHTh171coy.2,CPH11coy,CPH11coy.2,CPH18,CPH18.2,CXX-468,CXX-468.2,CXX-602coy,CXX-602coy.2,REN54P11,REN54P11.2,AHT137,AHT137.2,AHT142,AHT142.2,CXX-279,CXX-279.2,CXX-374,CXX-374.2,INU055,INU055.2,REN162C04,REN162C04.2,REN169O18coyote,REN169O18coyote.2
F16-062,176,176,162,162,170,172,74,76,146,164,202,202,142,148,142,148,100,102,106,106,208,216,176,176,322,326
F16-101,176,176,162,162,170,172,74,76,146,164,202,202,142,148,142,148,100,102,106,106,208,216,176,176,322,322
F16-110,172,176,154,162,170,176,76,80,144,156,204,206,146,148,134,140,100,102,104,108,212,216,174,178,322,326
F16-142,178,178,152,158,176,176,82,88,142,148,196,204,144,144,130,140,86,102,104,104,210,212,170,172,318,318
F16-250,178,182,164,170,190,192,76,80,144,146,200,204,142,146,124,134,98,102,106,108,210,216,174,178,322,322
F16-253,178,182,164,170,190,192,76,80,144,146,200,204,142,146,124,134,98,102,106,108,210,216,174,178,322,322
F16-289,162,174,168,168,168,168,74,74,130,130,206,218,126,140,132,134,94,102,124,126,216,222,176,184,320,320
F16-314,174,174,154,156,170,176,76,82,144,164,200,206,146,152,124,142,102,104,104,106,208,212,170,174,314,318
F16-316b,174,176,154,156,170,176,76,82,144,164,200,206,146,152,124,142,102,104,104,106,208,212,170,174,314,320
F16-097,176,176,-99,-99,170,172,74,76,146,164,202,202,142,148,142,148,100,102,106,106,208,216,176,176,322,328
F16-205,160,170,-99,-99,176,178,92,94,120,130,210,212,128,138,128,132,98,102,120,122,216,220,176,176,330,330
F16-207,162,170,168,168,168,168,-99,-99,134,134,202,216,132,132,132,132,98,104,122,126,222,222,176,184,316,316
F16-254b,176,182,-99,-99,170,180,78,80,138,146,204,206,146,150,134,134,98,102,104,108,208,216,174,178,316,322
F16-257,176,182,-99,-99,170,180,78,80,138,146,204,206,146,150,134,134,98,102,104,108,208,216,174,178,316,322
F16-226,168,168,-99,-99,170,170,78,80,138,152,202,206,146,150,134,134,100,102,104,104,208,212,174,178,-99,-99
F16-085,170,170,-99,-99,178,180,-99,-99,130,138,212,214,128,138,132,132,96,108,124,126,210,218,170,174,326,326
F16-103,-99,-99,-99,-99,170,170,78,78,144,146,202,202,148,148,132,148,100,100,106,106,210,212,174,182,322,322
F16-190,164,164,-99,-99,178,178,-99,-99,130,132,206,214,126,140,130,140,106,106,120,124,210,210,170,176,320,324
